-- Q1: Insert 4 departments, ensuring the `DEPT_NAME` includes your first name.

INSERT INTO DEPARTMENTS (DEPT_ID, DEPT_NAME, LOCATION)
VALUES (1, 'CSE_Tasneem', 'Nablus');
INSERT INTO DEPARTMENTS (DEPT_ID, DEPT_NAME, LOCATION)
VALUES (2, 'ME_Tasneem', 'Tulkarm');
INSERT INTO DEPARTMENTS (DEPT_ID, DEPT_NAME, LOCATION)
VALUES (3, 'EE_Tasneem', 'Ramallah');
INSERT INTO DEPARTMENTS (DEPT_ID, DEPT_NAME, LOCATION)
VALUES (4, 'IT_Tasneem', 'Jenin');
-- Q2: Insert at least 6 employees with `EMP_ID` starting with the last three digits of your student ID.

INSERT INTO EMPLOYEES (EMP_ID, EMP_NAME, SALARY, HIRE_DATE, DEPT_ID)
VALUES (46501, 'Tasneem Ahmed', 5000.80, TO_DATE('2022-01-10', 'YYYY-MM-DD'), 1);
INSERT INTO EMPLOYEES (EMP_ID, EMP_NAME, SALARY, HIRE_DATE, DEPT_ID)
VALUES (46502, 'Mohammad Bader', 6000.50, TO_DATE('2022-02-15', 'YYYY-MM-DD'), 2);
INSERT INTO EMPLOYEES (EMP_ID, EMP_NAME, SALARY, HIRE_DATE, DEPT_ID)
VALUES (46503, 'Sara Ismail', 4500.10, TO_DATE('2022-03-20', 'YYYY-MM-DD'), 3);
INSERT INTO EMPLOYEES (EMP_ID, EMP_NAME, SALARY, HIRE_DATE, DEPT_ID)
VALUES (46504, 'Ahmed Dwekat', 7000.07, TO_DATE('2022-04-25', 'YYYY-MM-DD'), 4);
INSERT INTO EMPLOYEES (EMP_ID, EMP_NAME, SALARY, HIRE_DATE, DEPT_ID)
VALUES (46505, 'Lina Ayman', 4800.50, TO_DATE('2022-05-30', 'YYYY-MM-DD'), 1);
INSERT INTO EMPLOYEES (EMP_ID, EMP_NAME, SALARY, HIRE_DATE, DEPT_ID)
VALUES (46506, 'Yasmin Natour', 5500.50, TO_DATE('2022-06-05', 'YYYY-MM-DD'), 2);

-- Q3: Insert at least 4 projects, ensuring the `PROJECT_NAME` includes your student ID.
INSERT INTO PROJECTS (PROJECT_ID, PROJECT_NAME, START_DATE, END_DATE, EMP_ID)
VALUES (1, 'LibrarySystem_465', TO_DATE('2023-01-01', 'YYYY-MM-DD'), TO_DATE('2023-06-30', 'YYYY-MM-DD'), 46501);
INSERT INTO PROJECTS (PROJECT_ID, PROJECT_NAME, START_DATE, END_DATE, EMP_ID)
VALUES (2, 'HRSystem_465', TO_DATE('2023-02-01', 'YYYY-MM-DD'), TO_DATE('2023-07-31', 'YYYY-MM-DD'), 46502);
INSERT INTO PROJECTS (PROJECT_ID, PROJECT_NAME, START_DATE, END_DATE, EMP_ID)
VALUES (3, 'InventorySystem_465', TO_DATE('2023-03-01', 'YYYY-MM-DD'), TO_DATE('2023-08-15', 'YYYY-MM-DD'), 46503);
INSERT INTO PROJECTS (PROJECT_ID, PROJECT_NAME, START_DATE, END_DATE, EMP_ID)
VALUES (4, 'AccountingSystem_465', TO_DATE('2023-04-01', 'YYYY-MM-DD'), TO_DATE('2023-09-30', 'YYYY-MM-DD'), 46504);

-- Q4: Insert 5 tasks with varying `STATUS` values.
INSERT INTO TASKS (TASK_ID, TASK_NAME, PROJECT_ID, STATUS)
VALUES (1, 'UI/UX Design', 1, 'Open');
INSERT INTO TASKS (TASK_ID, TASK_NAME, PROJECT_ID, STATUS)
VALUES (2, 'Html task', 1, 'In Progress');
INSERT INTO TASKS (TASK_ID, TASK_NAME, PROJECT_ID, STATUS)
VALUES (3, 'Technical writing', 2, 'Completed');
INSERT INTO TASKS (TASK_ID, TASK_NAME, PROJECT_ID, STATUS)
VALUES (4, 'Test Features', 3, 'In Progress');
INSERT INTO TASKS (TASK_ID, TASK_NAME, PROJECT_ID, STATUS)
VALUES (5, 'Kotlin task', 4, 'Open');




